-- --------------------------------------------------------
-- Host:                         127.0.0.1
-- Server version:               10.1.21-MariaDB - mariadb.org binary distribution
-- Server OS:                    Win32
-- HeidiSQL Version:             12.4.0.6659
-- --------------------------------------------------------

/*!40101 SET @OLD_CHARACTER_SET_CLIENT=@@CHARACTER_SET_CLIENT */;
/*!40101 SET NAMES utf8 */;
/*!50503 SET NAMES utf8mb4 */;
/*!40103 SET @OLD_TIME_ZONE=@@TIME_ZONE */;
/*!40103 SET TIME_ZONE='+00:00' */;
/*!40014 SET @OLD_FOREIGN_KEY_CHECKS=@@FOREIGN_KEY_CHECKS, FOREIGN_KEY_CHECKS=0 */;
/*!40101 SET @OLD_SQL_MODE=@@SQL_MODE, SQL_MODE='NO_AUTO_VALUE_ON_ZERO' */;
/*!40111 SET @OLD_SQL_NOTES=@@SQL_NOTES, SQL_NOTES=0 */;

-- Dumping structure for table loan_db.tbl_loans
CREATE TABLE IF NOT EXISTS `tbl_loans` (
  `loan_id` int(11) NOT NULL AUTO_INCREMENT,
  `loan_name` varchar(255) NOT NULL DEFAULT '0',
  `loan_amount` decimal(12,2) NOT NULL DEFAULT '0.00',
  `supplier_id` int(11) NOT NULL DEFAULT '0',
  `interest_rate` decimal(12,2) NOT NULL DEFAULT '0.00',
  `monthly_payment` decimal(12,2) NOT NULL DEFAULT '0.00',
  `frequency` int(11) NOT NULL DEFAULT '0',
  `loan_period` int(11) NOT NULL DEFAULT '0',
  `loan_date` date NOT NULL,
  `payment_start` date NOT NULL,
  `created_at` datetime NOT NULL DEFAULT CURRENT_TIMESTAMP,
  `updated_at` datetime NOT NULL DEFAULT CURRENT_TIMESTAMP ON UPDATE CURRENT_TIMESTAMP,
  PRIMARY KEY (`loan_id`)
) ENGINE=InnoDB AUTO_INCREMENT=15 DEFAULT CHARSET=latin1;

-- Dumping data for table loan_db.tbl_loans: ~14 rows (approximately)
INSERT INTO `tbl_loans` (`loan_id`, `loan_name`, `loan_amount`, `supplier_id`, `interest_rate`, `monthly_payment`, `frequency`, `loan_period`, `loan_date`, `payment_start`, `created_at`, `updated_at`) VALUES
	(1, 'GLoan 20K', 20000.00, 1, 3.09, 2284.67, 1, 12, '2024-01-11', '2024-02-11', '2024-01-24 22:47:20', '2024-01-24 22:47:20'),
	(2, 'GGives 4.6K', 4617.00, 2, 3.99, 568.97, 1, 12, '2023-08-28', '2023-09-28', '2024-01-24 22:50:06', '2024-01-24 22:50:06'),
	(3, 'GGives 4.5K', 4467.00, 2, 3.99, 550.48, 1, 12, '2023-08-11', '2023-09-11', '2024-01-24 22:51:26', '2024-01-24 22:51:26'),
	(4, 'GGives 11.1K', 11131.15, 2, 3.59, 1636.40, 1, 9, '2023-09-15', '2023-10-15', '2024-01-24 22:53:45', '2024-01-24 22:53:45'),
	(5, 'BillEase 11.2K', 11204.85, 3, 3.49, 4126.00, 2, 3, '2024-01-03', '2024-01-22', '2024-01-24 23:51:10', '2024-01-24 23:51:10'),
	(6, 'BillEase 3.9K', 3910.58, 3, 3.49, 1440.01, 2, 3, '2024-01-02', '2024-01-22', '2024-01-24 23:54:19', '2024-01-24 23:54:19'),
	(7, 'BillEase 3.1K', 3075.90, 3, 3.49, 620.00, 2, 6, '2023-09-05', '2023-09-20', '2024-01-24 23:57:29', '2024-01-24 23:57:29'),
	(8, 'BillEase 3.1K', 3075.90, 3, 3.49, 620.00, 2, 6, '2023-09-04', '2023-09-20', '2024-01-24 23:59:41', '2024-01-24 23:59:41'),
	(9, 'BillEase 7.2K', 7163.80, 3, 3.49, 1045.99, 2, 9, '2023-08-18', '2023-09-05', '2024-01-25 00:04:34', '2024-01-25 00:04:34'),
	(10, 'BillEase 7.8K', 7780.20, 3, 3.49, 1136.00, 2, 9, '2023-08-17', '2023-09-05', '2024-01-25 00:08:35', '2024-01-25 00:08:35'),
	(11, 'BillEase 7.6K', 7574.80, 3, 3.49, 1106.00, 2, 9, '2023-08-17', '2023-09-05', '2024-01-25 00:12:08', '2024-01-25 00:12:08'),
	(12, 'CIMB 30K', 30000.00, 4, 1.77, 3031.00, 1, 12, '2023-02-27', '2023-04-01', '2024-01-25 00:20:40', '2024-01-25 00:20:40'),
	(13, 'SLoan (Mark) 10.1K', 10052.29, 5, 4.95, 3848.35, 1, 3, '2023-12-29', '2024-01-29', '2024-01-25 08:56:20', '2024-01-25 08:56:20'),
	(14, 'BillEase (Mark) 5K', 5013.30, 6, 3.49, 732.00, 2, 9, '2023-08-14', '2023-09-05', '2024-01-25 09:05:49', '2024-01-25 09:05:49');

-- Dumping structure for table loan_db.tbl_loan_details
CREATE TABLE IF NOT EXISTS `tbl_loan_details` (
  `loan_detail_id` int(11) NOT NULL AUTO_INCREMENT,
  `loan_detail_name` varchar(50) NOT NULL DEFAULT '0',
  `loan_id` int(11) NOT NULL DEFAULT '0',
  `amount` decimal(12,2) NOT NULL DEFAULT '0.00',
  `paid_amount` decimal(12,2) NOT NULL DEFAULT '0.00',
  `interest` decimal(12,2) NOT NULL DEFAULT '0.00',
  `status` int(11) NOT NULL DEFAULT '0',
  `due_date` date NOT NULL,
  `salary_date` date NOT NULL,
  `created_at` datetime NOT NULL DEFAULT CURRENT_TIMESTAMP,
  `updated_at` datetime NOT NULL DEFAULT CURRENT_TIMESTAMP ON UPDATE CURRENT_TIMESTAMP,
  PRIMARY KEY (`loan_detail_id`)
) ENGINE=InnoDB AUTO_INCREMENT=169 DEFAULT CHARSET=latin1;

-- Dumping data for table loan_db.tbl_loan_details: ~168 rows (approximately)
INSERT INTO `tbl_loan_details` (`loan_detail_id`, `loan_detail_name`, `loan_id`, `amount`, `paid_amount`, `interest`, `status`, `due_date`, `salary_date`, `created_at`, `updated_at`) VALUES
	(1, 'GLoan 20K 1/12', 1, 2284.67, 0.00, 0.00, 0, '2024-02-11', '2024-02-01', '2024-01-24 22:47:20', '2024-01-24 22:47:20'),
	(2, 'GLoan 20K 2/12', 1, 2284.67, 0.00, 0.00, 0, '2024-03-11', '2024-03-01', '2024-01-24 22:47:20', '2024-01-24 22:47:20'),
	(3, 'GLoan 20K 3/12', 1, 2284.67, 0.00, 0.00, 0, '2024-04-11', '2024-04-01', '2024-01-24 22:47:20', '2024-01-24 22:47:20'),
	(4, 'GLoan 20K 4/12', 1, 2284.67, 0.00, 0.00, 0, '2024-05-11', '2024-05-01', '2024-01-24 22:47:20', '2024-01-24 22:47:20'),
	(5, 'GLoan 20K 5/12', 1, 2284.67, 0.00, 0.00, 0, '2024-06-11', '2024-06-01', '2024-01-24 22:47:20', '2024-01-24 22:47:20'),
	(6, 'GLoan 20K 6/12', 1, 2284.67, 0.00, 0.00, 0, '2024-07-11', '2024-07-01', '2024-01-24 22:47:20', '2024-01-24 22:47:20'),
	(7, 'GLoan 20K 7/12', 1, 2284.67, 0.00, 0.00, 0, '2024-08-11', '2024-08-01', '2024-01-24 22:47:20', '2024-01-24 22:47:20'),
	(8, 'GLoan 20K 8/12', 1, 2284.67, 0.00, 0.00, 0, '2024-09-11', '2024-09-01', '2024-01-24 22:47:20', '2024-01-24 22:47:20'),
	(9, 'GLoan 20K 9/12', 1, 2284.67, 0.00, 0.00, 0, '2024-10-11', '2024-10-01', '2024-01-24 22:47:20', '2024-01-24 22:47:20'),
	(10, 'GLoan 20K 10/12', 1, 2284.67, 0.00, 0.00, 0, '2024-11-11', '2024-11-01', '2024-01-24 22:47:20', '2024-01-24 22:47:20'),
	(11, 'GLoan 20K 11/12', 1, 2284.67, 0.00, 0.00, 0, '2024-12-11', '2024-12-01', '2024-01-24 22:47:20', '2024-01-24 22:47:20'),
	(12, 'GLoan 20K 12/12', 1, 2284.67, 0.00, 0.00, 0, '2025-01-11', '2025-01-01', '2024-01-24 22:47:20', '2024-01-24 22:47:20'),
	(13, 'GGives 4.6K 1/12', 2, 568.97, 568.97, 0.00, 1, '2023-09-28', '2023-09-16', '2024-01-24 22:50:06', '2024-01-24 23:41:01'),
	(14, 'GGives 4.6K 2/12', 2, 568.97, 568.97, 0.00, 1, '2023-10-28', '2023-10-16', '2024-01-24 22:50:06', '2024-01-25 00:34:26'),
	(15, 'GGives 4.6K 3/12', 2, 568.97, 568.97, 0.00, 1, '2023-11-28', '2023-11-16', '2024-01-24 22:50:06', '2024-01-25 00:35:24'),
	(16, 'GGives 4.6K 4/12', 2, 568.97, 568.97, 0.00, 1, '2023-12-28', '2023-12-16', '2024-01-24 22:50:06', '2024-01-25 00:36:21'),
	(17, 'GGives 4.6K 5/12', 2, 568.97, 0.00, 0.00, 0, '2024-01-28', '2024-01-16', '2024-01-24 22:50:06', '2024-01-24 22:50:06'),
	(18, 'GGives 4.6K 6/12', 2, 568.97, 0.00, 0.00, 0, '2024-02-28', '2024-02-16', '2024-01-24 22:50:06', '2024-01-24 22:50:06'),
	(19, 'GGives 4.6K 7/12', 2, 568.97, 0.00, 0.00, 0, '2024-03-28', '2024-03-16', '2024-01-24 22:50:06', '2024-01-24 22:50:06'),
	(20, 'GGives 4.6K 8/12', 2, 568.97, 0.00, 0.00, 0, '2024-04-28', '2024-04-16', '2024-01-24 22:50:06', '2024-01-24 22:50:06'),
	(21, 'GGives 4.6K 9/12', 2, 568.97, 0.00, 0.00, 0, '2024-05-28', '2024-05-16', '2024-01-24 22:50:06', '2024-01-24 22:50:06'),
	(22, 'GGives 4.6K 10/12', 2, 568.97, 0.00, 0.00, 0, '2024-06-28', '2024-06-16', '2024-01-24 22:50:06', '2024-01-24 22:50:06'),
	(23, 'GGives 4.6K 11/12', 2, 568.97, 0.00, 0.00, 0, '2024-07-28', '2024-07-16', '2024-01-24 22:50:06', '2024-01-24 22:50:06'),
	(24, 'GGives 4.6K 12/12', 2, 568.97, 0.00, 0.00, 0, '2024-08-28', '2024-08-16', '2024-01-24 22:50:06', '2024-01-24 22:50:06'),
	(25, 'GGives 4.5K 1/12', 3, 550.48, 550.48, 0.00, 1, '2023-09-11', '2023-09-01', '2024-01-24 22:51:26', '2024-01-24 23:40:29'),
	(26, 'GGives 4.5K 2/12', 3, 550.48, 550.48, 0.00, 1, '2023-10-11', '2023-10-01', '2024-01-24 22:51:26', '2024-01-25 00:34:05'),
	(27, 'GGives 4.5K 3/12', 3, 550.48, 550.48, 0.00, 1, '2023-11-11', '2023-11-01', '2024-01-24 22:51:26', '2024-01-25 00:34:59'),
	(28, 'GGives 4.5K 4/12', 3, 550.48, 550.48, 0.00, 1, '2023-12-11', '2023-12-01', '2024-01-24 22:51:26', '2024-01-25 00:35:52'),
	(29, 'GGives 4.5K 5/12', 3, 550.48, 550.48, 0.00, 1, '2024-01-11', '2024-01-01', '2024-01-24 22:51:26', '2024-01-25 00:36:58'),
	(30, 'GGives 4.5K 6/12', 3, 550.48, 0.00, 0.00, 0, '2024-02-11', '2024-02-01', '2024-01-24 22:51:26', '2024-01-24 22:51:26'),
	(31, 'GGives 4.5K 7/12', 3, 550.48, 0.00, 0.00, 0, '2024-03-11', '2024-03-01', '2024-01-24 22:51:26', '2024-01-24 22:51:26'),
	(32, 'GGives 4.5K 8/12', 3, 550.48, 0.00, 0.00, 0, '2024-04-11', '2024-04-01', '2024-01-24 22:51:26', '2024-01-24 22:51:26'),
	(33, 'GGives 4.5K 9/12', 3, 550.48, 0.00, 0.00, 0, '2024-05-11', '2024-05-01', '2024-01-24 22:51:26', '2024-01-24 22:51:26'),
	(34, 'GGives 4.5K 10/12', 3, 550.48, 0.00, 0.00, 0, '2024-06-11', '2024-06-01', '2024-01-24 22:51:26', '2024-01-24 22:51:26'),
	(35, 'GGives 4.5K 11/12', 3, 550.48, 0.00, 0.00, 0, '2024-07-11', '2024-07-01', '2024-01-24 22:51:26', '2024-01-24 22:51:26'),
	(36, 'GGives 4.5K 12/12', 3, 550.48, 0.00, 0.00, 0, '2024-08-11', '2024-08-01', '2024-01-24 22:51:26', '2024-01-24 22:51:26'),
	(37, 'GGives 11.1K 1/9', 4, 1636.40, 1636.40, 0.00, 1, '2023-10-15', '2023-10-01', '2024-01-24 22:53:45', '2024-01-25 00:34:07'),
	(38, 'GGives 11.1K 2/9', 4, 1636.40, 1636.40, 0.00, 1, '2023-11-15', '2023-11-01', '2024-01-24 22:53:45', '2024-01-25 00:35:01'),
	(39, 'GGives 11.1K 3/9', 4, 1636.40, 1636.40, 0.00, 1, '2023-12-15', '2023-12-01', '2024-01-24 22:53:45', '2024-01-25 00:35:54'),
	(40, 'GGives 11.1K 4/9', 4, 1636.40, 1636.40, 0.00, 1, '2024-01-15', '2024-01-01', '2024-01-24 22:53:45', '2024-01-25 00:37:01'),
	(41, 'GGives 11.1K 5/9', 4, 1636.40, 0.00, 0.00, 0, '2024-02-15', '2024-02-01', '2024-01-24 22:53:45', '2024-01-24 22:53:45'),
	(42, 'GGives 11.1K 6/9', 4, 1636.40, 0.00, 0.00, 0, '2024-03-15', '2024-03-01', '2024-01-24 22:53:45', '2024-01-24 22:53:45'),
	(43, 'GGives 11.1K 7/9', 4, 1636.40, 0.00, 0.00, 0, '2024-04-15', '2024-04-01', '2024-01-24 22:53:45', '2024-01-24 22:53:45'),
	(44, 'GGives 11.1K 8/9', 4, 1636.40, 0.00, 0.00, 0, '2024-05-15', '2024-05-01', '2024-01-24 22:53:45', '2024-01-24 22:53:45'),
	(45, 'GGives 11.1K 9/9', 4, 1636.40, 0.00, 0.00, 0, '2024-06-15', '2024-06-01', '2024-01-24 22:53:45', '2024-01-24 22:53:45'),
	(46, 'BillEase 11.2K 1/6', 5, 2063.00, 2063.00, 0.00, 1, '2024-01-22', '2024-01-16', '2024-01-24 23:51:10', '2024-01-25 00:37:38'),
	(47, 'BillEase 11.2K 2/6', 5, 2063.00, 0.00, 0.00, 0, '2024-02-05', '2024-02-01', '2024-01-24 23:51:10', '2024-01-24 23:51:10'),
	(48, 'BillEase 11.2K 2/6', 5, 2063.00, 0.00, 0.00, 0, '2024-02-20', '2024-02-16', '2024-01-24 23:51:10', '2024-01-24 23:51:10'),
	(49, 'BillEase 11.2K 4/6', 5, 2063.00, 0.00, 0.00, 0, '2024-03-05', '2024-03-01', '2024-01-24 23:51:10', '2024-01-24 23:51:10'),
	(50, 'BillEase 11.2K 3/6', 5, 2063.00, 0.00, 0.00, 0, '2024-03-20', '2024-03-16', '2024-01-24 23:51:10', '2024-01-24 23:51:10'),
	(51, 'BillEase 11.2K 6/6', 5, 2063.00, 0.00, 0.00, 0, '2024-04-05', '2024-04-01', '2024-01-24 23:51:10', '2024-01-24 23:51:10'),
	(52, 'BillEase 3.9K 1/6', 6, 720.00, 720.00, 0.00, 1, '2024-01-22', '2024-01-16', '2024-01-24 23:54:19', '2024-01-25 00:37:41'),
	(53, 'BillEase 3.9K 2/6', 6, 720.00, 0.00, 0.00, 0, '2024-02-05', '2024-02-01', '2024-01-24 23:54:19', '2024-01-24 23:54:19'),
	(54, 'BillEase 3.9K 2/6', 6, 720.00, 0.00, 0.00, 0, '2024-02-20', '2024-02-16', '2024-01-24 23:54:19', '2024-01-24 23:54:19'),
	(55, 'BillEase 3.9K 4/6', 6, 720.00, 0.00, 0.00, 0, '2024-03-05', '2024-03-01', '2024-01-24 23:54:19', '2024-01-24 23:54:19'),
	(56, 'BillEase 3.9K 3/6', 6, 720.00, 0.00, 0.00, 0, '2024-03-20', '2024-03-16', '2024-01-24 23:54:19', '2024-01-24 23:54:19'),
	(57, 'BillEase 3.9K 6/6', 6, 720.00, 0.00, 0.00, 0, '2024-04-05', '2024-04-01', '2024-01-24 23:54:19', '2024-01-24 23:54:19'),
	(58, 'BillEase 3.1K 1/12', 7, 310.00, 310.00, 0.00, 1, '2023-09-20', '2023-09-16', '2024-01-24 23:57:29', '2024-01-25 00:33:24'),
	(59, 'BillEase 3.1K 2/12', 7, 310.00, 310.00, 0.00, 1, '2023-10-05', '2023-10-01', '2024-01-24 23:57:29', '2024-01-25 00:33:52'),
	(60, 'BillEase 3.1K 2/12', 7, 310.00, 310.00, 0.00, 1, '2023-10-20', '2023-10-16', '2024-01-24 23:57:29', '2024-01-25 00:34:13'),
	(61, 'BillEase 3.1K 4/12', 7, 310.00, 310.00, 0.00, 1, '2023-11-05', '2023-11-01', '2024-01-24 23:57:29', '2024-01-25 00:34:45'),
	(62, 'BillEase 3.1K 3/12', 7, 310.00, 310.00, 0.00, 1, '2023-11-20', '2023-11-16', '2024-01-24 23:57:29', '2024-01-25 00:35:09'),
	(63, 'BillEase 3.1K 6/12', 7, 310.00, 310.00, 0.00, 1, '2023-12-05', '2023-12-01', '2024-01-24 23:57:29', '2024-01-25 00:35:37'),
	(64, 'BillEase 3.1K 4/12', 7, 310.00, 310.00, 0.00, 1, '2023-12-20', '2023-12-16', '2024-01-24 23:57:29', '2024-01-25 00:36:07'),
	(65, 'BillEase 3.1K 8/12', 7, 310.00, 310.00, 0.00, 1, '2024-01-05', '2024-01-01', '2024-01-24 23:57:29', '2024-01-25 00:36:45'),
	(66, 'BillEase 3.1K 5/12', 7, 310.00, 310.00, 0.00, 1, '2024-01-20', '2024-01-16', '2024-01-24 23:57:29', '2024-01-25 00:37:26'),
	(67, 'BillEase 3.1K 10/12', 7, 310.00, 0.00, 0.00, 0, '2024-02-05', '2024-02-01', '2024-01-24 23:57:29', '2024-01-24 23:57:29'),
	(68, 'BillEase 3.1K 6/12', 7, 310.00, 0.00, 0.00, 0, '2024-02-20', '2024-02-16', '2024-01-24 23:57:29', '2024-01-24 23:57:29'),
	(69, 'BillEase 3.1K 12/12', 7, 310.00, 0.00, 0.00, 0, '2024-03-05', '2024-03-01', '2024-01-24 23:57:29', '2024-01-24 23:57:29'),
	(70, 'BillEase 3.1K 1/12', 8, 310.00, 310.00, 0.00, 1, '2023-09-20', '2023-09-16', '2024-01-24 23:59:41', '2024-01-25 00:33:27'),
	(71, 'BillEase 3.1K 2/12', 8, 310.00, 310.00, 0.00, 1, '2023-10-05', '2023-10-01', '2024-01-24 23:59:41', '2024-01-25 00:33:54'),
	(72, 'BillEase 3.1K 2/12', 8, 310.00, 310.00, 0.00, 1, '2023-10-20', '2023-10-16', '2024-01-24 23:59:41', '2024-01-25 00:34:15'),
	(73, 'BillEase 3.1K 4/12', 8, 310.00, 310.00, 0.00, 1, '2023-11-05', '2023-11-01', '2024-01-24 23:59:41', '2024-01-25 00:34:48'),
	(74, 'BillEase 3.1K 3/12', 8, 310.00, 310.00, 0.00, 1, '2023-11-20', '2023-11-16', '2024-01-24 23:59:41', '2024-01-25 00:35:13'),
	(75, 'BillEase 3.1K 6/12', 8, 310.00, 310.00, 0.00, 1, '2023-12-05', '2023-12-01', '2024-01-24 23:59:41', '2024-01-25 00:35:40'),
	(76, 'BillEase 3.1K 4/12', 8, 310.00, 310.00, 0.00, 1, '2023-12-20', '2023-12-16', '2024-01-24 23:59:41', '2024-01-25 00:36:09'),
	(77, 'BillEase 3.1K 8/12', 8, 310.00, 310.00, 0.00, 1, '2024-01-05', '2024-01-01', '2024-01-24 23:59:41', '2024-01-25 00:36:47'),
	(78, 'BillEase 3.1K 5/12', 8, 310.00, 310.00, 0.00, 1, '2024-01-20', '2024-01-16', '2024-01-24 23:59:41', '2024-01-25 00:37:32'),
	(79, 'BillEase 3.1K 10/12', 8, 310.00, 0.00, 0.00, 0, '2024-02-05', '2024-02-01', '2024-01-24 23:59:41', '2024-01-24 23:59:41'),
	(80, 'BillEase 3.1K 6/12', 8, 310.00, 0.00, 0.00, 0, '2024-02-20', '2024-02-16', '2024-01-24 23:59:41', '2024-01-24 23:59:41'),
	(81, 'BillEase 3.1K 12/12', 8, 310.00, 0.00, 0.00, 0, '2024-03-05', '2024-03-01', '2024-01-24 23:59:41', '2024-01-24 23:59:41'),
	(82, 'BillEase 7.2K 1/18', 9, 523.00, 523.00, 0.00, 1, '2023-09-05', '2023-09-01', '2024-01-25 00:04:34', '2024-01-25 00:12:33'),
	(83, 'BillEase 7.2K 2/18', 9, 523.00, 523.00, 0.00, 1, '2023-09-20', '2023-09-16', '2024-01-25 00:04:34', '2024-01-25 00:33:30'),
	(84, 'BillEase 7.2K 2/18', 9, 523.00, 523.00, 0.00, 1, '2023-10-05', '2023-10-01', '2024-01-25 00:04:34', '2024-01-25 00:33:57'),
	(85, 'BillEase 7.2K 4/18', 9, 523.00, 523.00, 0.00, 1, '2023-10-20', '2023-10-16', '2024-01-25 00:04:34', '2024-01-25 00:34:17'),
	(86, 'BillEase 7.2K 3/18', 9, 523.00, 523.00, 0.00, 1, '2023-11-05', '2023-11-01', '2024-01-25 00:04:34', '2024-01-25 00:34:50'),
	(87, 'BillEase 7.2K 6/18', 9, 523.00, 523.00, 0.00, 1, '2023-11-20', '2023-11-16', '2024-01-25 00:04:34', '2024-01-25 00:35:16'),
	(88, 'BillEase 7.2K 4/18', 9, 523.00, 523.00, 0.00, 1, '2023-12-05', '2023-12-01', '2024-01-25 00:04:34', '2024-01-25 00:35:44'),
	(89, 'BillEase 7.2K 8/18', 9, 523.00, 523.00, 0.00, 1, '2023-12-20', '2023-12-16', '2024-01-25 00:04:34', '2024-01-25 00:36:12'),
	(90, 'BillEase 7.2K 5/18', 9, 523.00, 523.00, 0.00, 1, '2024-01-05', '2024-01-01', '2024-01-25 00:04:34', '2024-01-25 00:36:50'),
	(91, 'BillEase 7.2K 10/18', 9, 523.00, 523.00, 0.00, 1, '2024-01-22', '2024-01-16', '2024-01-25 00:04:34', '2024-01-25 00:37:45'),
	(92, 'BillEase 7.2K 6/18', 9, 523.00, 0.00, 0.00, 0, '2024-02-05', '2024-02-01', '2024-01-25 00:04:34', '2024-01-25 00:04:34'),
	(93, 'BillEase 7.2K 12/18', 9, 523.00, 0.00, 0.00, 0, '2024-02-20', '2024-02-16', '2024-01-25 00:04:34', '2024-01-25 00:04:34'),
	(94, 'BillEase 7.2K 7/18', 9, 523.00, 0.00, 0.00, 0, '2024-03-05', '2024-03-01', '2024-01-25 00:04:34', '2024-01-25 00:04:34'),
	(95, 'BillEase 7.2K 14/18', 9, 523.00, 0.00, 0.00, 0, '2024-03-20', '2024-03-16', '2024-01-25 00:04:34', '2024-01-25 00:04:34'),
	(96, 'BillEase 7.2K 8/18', 9, 523.00, 0.00, 0.00, 0, '2024-04-05', '2024-04-01', '2024-01-25 00:04:34', '2024-01-25 00:04:34'),
	(97, 'BillEase 7.2K 16/18', 9, 523.00, 0.00, 0.00, 0, '2024-04-22', '2024-04-16', '2024-01-25 00:04:34', '2024-01-25 00:04:34'),
	(98, 'BillEase 7.2K 9/18', 9, 523.00, 0.00, 0.00, 0, '2024-05-05', '2024-05-01', '2024-01-25 00:04:34', '2024-01-25 00:04:34'),
	(99, 'BillEase 7.2K 18/18', 9, 523.00, 0.00, 0.00, 0, '2024-05-20', '2024-05-16', '2024-01-25 00:04:34', '2024-01-25 00:04:34'),
	(100, 'BillEase 7.8K 1/18', 10, 568.00, 568.00, 0.00, 1, '2023-09-05', '2023-09-01', '2024-01-25 00:08:35', '2024-01-25 00:12:36'),
	(101, 'BillEase 7.8K 2/18', 10, 568.00, 568.00, 0.00, 1, '2023-09-20', '2023-09-16', '2024-01-25 00:08:35', '2024-01-25 00:33:33'),
	(102, 'BillEase 7.8K 2/18', 10, 568.00, 568.00, 0.00, 1, '2023-10-05', '2023-10-01', '2024-01-25 00:08:35', '2024-01-25 00:33:59'),
	(103, 'BillEase 7.8K 4/18', 10, 568.00, 568.00, 0.00, 1, '2023-10-20', '2023-10-16', '2024-01-25 00:08:35', '2024-01-25 00:34:20'),
	(104, 'BillEase 7.8K 3/18', 10, 568.00, 568.00, 0.00, 1, '2023-11-05', '2023-11-01', '2024-01-25 00:08:35', '2024-01-25 00:34:53'),
	(105, 'BillEase 7.8K 6/18', 10, 568.00, 568.00, 0.00, 1, '2023-11-20', '2023-11-16', '2024-01-25 00:08:35', '2024-01-25 00:35:18'),
	(106, 'BillEase 7.8K 4/18', 10, 568.00, 568.00, 0.00, 1, '2023-12-05', '2023-12-01', '2024-01-25 00:08:35', '2024-01-25 00:35:47'),
	(107, 'BillEase 7.8K 8/18', 10, 568.00, 568.00, 0.00, 1, '2023-12-20', '2023-12-16', '2024-01-25 00:08:35', '2024-01-25 00:36:16'),
	(108, 'BillEase 7.8K 5/18', 10, 568.00, 568.00, 0.00, 1, '2024-01-05', '2024-01-01', '2024-01-25 00:08:35', '2024-01-25 00:36:53'),
	(109, 'BillEase 7.8K 10/18', 10, 568.00, 568.00, 0.00, 1, '2024-01-22', '2024-01-16', '2024-01-25 00:08:35', '2024-01-25 00:37:49'),
	(110, 'BillEase 7.8K 6/18', 10, 568.00, 0.00, 0.00, 0, '2024-02-05', '2024-02-01', '2024-01-25 00:08:35', '2024-01-25 00:08:35'),
	(111, 'BillEase 7.8K 12/18', 10, 568.00, 0.00, 0.00, 0, '2024-02-20', '2024-02-16', '2024-01-25 00:08:35', '2024-01-25 00:08:35'),
	(112, 'BillEase 7.8K 7/18', 10, 568.00, 0.00, 0.00, 0, '2024-03-05', '2024-03-01', '2024-01-25 00:08:35', '2024-01-25 00:08:35'),
	(113, 'BillEase 7.8K 14/18', 10, 568.00, 0.00, 0.00, 0, '2024-03-20', '2024-03-16', '2024-01-25 00:08:35', '2024-01-25 00:08:35'),
	(114, 'BillEase 7.8K 8/18', 10, 568.00, 0.00, 0.00, 0, '2024-04-05', '2024-04-01', '2024-01-25 00:08:35', '2024-01-25 00:08:35'),
	(115, 'BillEase 7.8K 16/18', 10, 568.00, 0.00, 0.00, 0, '2024-04-22', '2024-04-16', '2024-01-25 00:08:35', '2024-01-25 00:08:35'),
	(116, 'BillEase 7.8K 9/18', 10, 568.00, 0.00, 0.00, 0, '2024-05-05', '2024-05-01', '2024-01-25 00:08:35', '2024-01-25 00:08:35'),
	(117, 'BillEase 7.8K 18/18', 10, 568.00, 0.00, 0.00, 0, '2024-05-20', '2024-05-16', '2024-01-25 00:08:35', '2024-01-25 00:08:35'),
	(118, 'BillEase 7.6K 1/18', 11, 553.00, 553.00, 0.00, 1, '2023-09-05', '2023-09-01', '2024-01-25 00:12:08', '2024-01-25 00:12:39'),
	(119, 'BillEase 7.6K 2/18', 11, 553.00, 553.00, 0.00, 1, '2023-09-20', '2023-09-16', '2024-01-25 00:12:08', '2024-01-25 00:33:35'),
	(120, 'BillEase 7.6K 2/18', 11, 553.00, 553.00, 0.00, 1, '2023-10-05', '2023-10-01', '2024-01-25 00:12:08', '2024-01-25 00:34:02'),
	(121, 'BillEase 7.6K 4/18', 11, 553.00, 553.00, 0.00, 1, '2023-10-20', '2023-10-16', '2024-01-25 00:12:08', '2024-01-25 00:34:23'),
	(122, 'BillEase 7.6K 3/18', 11, 553.00, 553.00, 0.00, 1, '2023-11-05', '2023-11-01', '2024-01-25 00:12:08', '2024-01-25 00:34:55'),
	(123, 'BillEase 7.6K 6/18', 11, 553.00, 553.00, 0.00, 1, '2023-11-20', '2023-11-16', '2024-01-25 00:12:08', '2024-01-25 00:35:21'),
	(124, 'BillEase 7.6K 4/18', 11, 553.00, 553.00, 0.00, 1, '2023-12-05', '2023-12-01', '2024-01-25 00:12:08', '2024-01-25 00:35:49'),
	(125, 'BillEase 7.6K 8/18', 11, 553.00, 553.00, 0.00, 1, '2023-12-20', '2023-12-16', '2024-01-25 00:12:08', '2024-01-25 00:36:19'),
	(126, 'BillEase 7.6K 5/18', 11, 553.00, 553.00, 0.00, 1, '2024-01-05', '2024-01-01', '2024-01-25 00:12:08', '2024-01-25 00:36:55'),
	(127, 'BillEase 7.6K 10/18', 11, 553.00, 553.00, 0.00, 1, '2024-01-22', '2024-01-16', '2024-01-25 00:12:08', '2024-01-25 00:37:57'),
	(128, 'BillEase 7.6K 6/18', 11, 553.00, 0.00, 0.00, 0, '2024-02-05', '2024-02-01', '2024-01-25 00:12:08', '2024-01-25 00:12:08'),
	(129, 'BillEase 7.6K 12/18', 11, 553.00, 0.00, 0.00, 0, '2024-02-20', '2024-02-16', '2024-01-25 00:12:08', '2024-01-25 00:12:08'),
	(130, 'BillEase 7.6K 7/18', 11, 553.00, 0.00, 0.00, 0, '2024-03-05', '2024-03-01', '2024-01-25 00:12:08', '2024-01-25 00:12:08'),
	(131, 'BillEase 7.6K 14/18', 11, 553.00, 0.00, 0.00, 0, '2024-03-20', '2024-03-16', '2024-01-25 00:12:08', '2024-01-25 00:12:08'),
	(132, 'BillEase 7.6K 8/18', 11, 553.00, 0.00, 0.00, 0, '2024-04-05', '2024-04-01', '2024-01-25 00:12:08', '2024-01-25 00:12:08'),
	(133, 'BillEase 7.6K 16/18', 11, 553.00, 0.00, 0.00, 0, '2024-04-22', '2024-04-16', '2024-01-25 00:12:08', '2024-01-25 00:12:08'),
	(134, 'BillEase 7.6K 9/18', 11, 553.00, 0.00, 0.00, 0, '2024-05-06', '2024-05-01', '2024-01-25 00:12:08', '2024-01-25 00:12:08'),
	(135, 'BillEase 7.6K 18/18', 11, 553.00, 0.00, 0.00, 0, '2024-05-20', '2024-05-16', '2024-01-25 00:12:08', '2024-01-25 00:12:08'),
	(136, 'CIMB 30K 1/12', 12, 3031.00, 3031.00, 0.00, 1, '2023-04-01', '2023-04-01', '2024-01-25 00:20:40', '2024-01-25 00:32:43'),
	(137, 'CIMB 30K 2/12', 12, 3031.00, 3031.00, 0.00, 1, '2023-05-01', '2023-05-01', '2024-01-25 00:20:40', '2024-01-25 00:32:49'),
	(138, 'CIMB 30K 3/12', 12, 3031.00, 3031.00, 0.00, 1, '2023-06-01', '2023-06-01', '2024-01-25 00:20:40', '2024-01-25 00:32:55'),
	(139, 'CIMB 30K 4/12', 12, 3031.00, 3031.00, 0.00, 1, '2023-07-01', '2023-07-01', '2024-01-25 00:20:40', '2024-01-25 00:33:00'),
	(140, 'CIMB 30K 5/12', 12, 3031.00, 3031.00, 0.00, 1, '2023-08-01', '2023-08-01', '2024-01-25 00:20:40', '2024-01-25 00:33:07'),
	(141, 'CIMB 30K 6/12', 12, 3031.00, 3031.00, 0.00, 1, '2023-09-01', '2023-09-01', '2024-01-25 00:20:40', '2024-01-25 00:33:13'),
	(142, 'CIMB 30K 7/12', 12, 3031.00, 3031.00, 0.00, 1, '2023-10-01', '2023-10-01', '2024-01-25 00:20:40', '2024-01-25 00:33:49'),
	(143, 'CIMB 30K 8/12', 12, 3031.00, 3031.00, 0.00, 1, '2023-11-01', '2023-11-01', '2024-01-25 00:20:40', '2024-01-25 00:34:43'),
	(144, 'CIMB 30K 9/12', 12, 3031.00, 3031.00, 0.00, 1, '2023-12-01', '2023-12-01', '2024-01-25 00:20:40', '2024-01-25 00:35:35'),
	(145, 'CIMB 30K 10/12', 12, 3031.00, 3031.00, 0.00, 1, '2024-01-01', '2024-01-01', '2024-01-25 00:20:40', '2024-01-25 00:36:41'),
	(146, 'CIMB 30K 11/12', 12, 3031.00, 0.00, 0.00, 0, '2024-02-01', '2024-02-01', '2024-01-25 00:20:40', '2024-01-25 00:20:40'),
	(147, 'CIMB 30K 12/12', 12, 3031.00, 0.00, 0.00, 0, '2024-03-01', '2024-03-01', '2024-01-25 00:20:40', '2024-01-25 00:20:40'),
	(148, 'SLoan (Mark) 10.1K 1/3', 13, 3848.35, 0.00, 0.00, 0, '2024-01-29', '2024-01-16', '2024-01-25 08:56:20', '2024-01-25 08:56:20'),
	(149, 'SLoan (Mark) 10.1K 2/3', 13, 3848.35, 0.00, 0.00, 0, '2024-02-29', '2024-02-16', '2024-01-25 08:56:20', '2024-01-25 08:56:20'),
	(150, 'SLoan (Mark) 10.1K 3/3', 13, 3848.35, 0.00, 0.00, 0, '2024-03-29', '2024-03-16', '2024-01-25 08:56:20', '2024-01-25 08:56:20'),
	(151, 'BillEase (Mark) 5K 1/18', 14, 366.00, 366.00, 0.00, 1, '2023-09-05', '2023-09-01', '2024-01-25 09:05:49', '2024-01-25 09:07:06'),
	(152, 'BillEase (Mark) 5K 2/18', 14, 366.00, 366.00, 0.00, 1, '2023-09-20', '2023-09-16', '2024-01-25 09:05:49', '2024-01-25 09:07:11'),
	(153, 'BillEase (Mark) 5K 2/18', 14, 366.00, 366.00, 0.00, 1, '2023-10-05', '2023-10-01', '2024-01-25 09:05:49', '2024-01-25 09:07:18'),
	(154, 'BillEase (Mark) 5K 4/18', 14, 366.00, 366.00, 0.00, 1, '2023-10-20', '2023-10-16', '2024-01-25 09:05:49', '2024-01-25 09:07:24'),
	(155, 'BillEase (Mark) 5K 3/18', 14, 366.00, 366.00, 0.00, 1, '2023-11-05', '2023-11-01', '2024-01-25 09:05:49', '2024-01-25 09:07:31'),
	(156, 'BillEase (Mark) 5K 6/18', 14, 366.00, 366.00, 0.00, 1, '2023-11-20', '2023-11-16', '2024-01-25 09:05:49', '2024-01-25 09:07:37'),
	(157, 'BillEase (Mark) 5K 4/18', 14, 366.00, 366.00, 0.00, 1, '2023-12-05', '2023-12-01', '2024-01-25 09:05:49', '2024-01-25 09:07:42'),
	(158, 'BillEase (Mark) 5K 8/18', 14, 366.00, 366.00, 0.00, 1, '2023-12-20', '2023-12-16', '2024-01-25 09:05:49', '2024-01-25 09:07:48'),
	(159, 'BillEase (Mark) 5K 5/18', 14, 366.00, 366.00, 0.00, 1, '2024-01-05', '2024-01-01', '2024-01-25 09:05:49', '2024-01-25 09:07:56'),
	(160, 'BillEase (Mark) 5K 10/18', 14, 366.00, 366.00, 0.00, 1, '2024-01-20', '2024-01-16', '2024-01-25 09:05:49', '2024-01-25 09:08:28'),
	(161, 'BillEase (Mark) 5K 6/18', 14, 366.00, 0.00, 0.00, 0, '2024-02-05', '2024-02-01', '2024-01-25 09:05:49', '2024-01-25 09:05:49'),
	(162, 'BillEase (Mark) 5K 12/18', 14, 366.00, 0.00, 0.00, 0, '2024-02-20', '2024-02-16', '2024-01-25 09:05:49', '2024-01-25 09:05:49'),
	(163, 'BillEase (Mark) 5K 7/18', 14, 366.00, 0.00, 0.00, 0, '2024-03-05', '2024-03-01', '2024-01-25 09:05:49', '2024-01-25 09:05:49'),
	(164, 'BillEase (Mark) 5K 14/18', 14, 366.00, 0.00, 0.00, 0, '2024-03-20', '2024-03-16', '2024-01-25 09:05:49', '2024-01-25 09:05:49'),
	(165, 'BillEase (Mark) 5K 8/18', 14, 366.00, 0.00, 0.00, 0, '2024-04-05', '2024-04-01', '2024-01-25 09:05:49', '2024-01-25 09:05:49'),
	(166, 'BillEase (Mark) 5K 16/18', 14, 366.00, 0.00, 0.00, 0, '2024-04-20', '2024-04-16', '2024-01-25 09:05:49', '2024-01-25 09:05:49'),
	(167, 'BillEase (Mark) 5K 9/18', 14, 366.00, 0.00, 0.00, 0, '2024-05-05', '2024-05-01', '2024-01-25 09:05:49', '2024-01-25 09:05:49'),
	(168, 'BillEase (Mark) 5K 18/18', 14, 366.00, 0.00, 0.00, 0, '2024-05-20', '2024-05-16', '2024-01-25 09:05:49', '2024-01-25 09:05:49');

-- Dumping structure for table loan_db.tbl_suppliers
CREATE TABLE IF NOT EXISTS `tbl_suppliers` (
  `supplier_id` int(11) NOT NULL AUTO_INCREMENT,
  `supplier_name` varchar(50) NOT NULL DEFAULT '0',
  `created_at` datetime NOT NULL DEFAULT CURRENT_TIMESTAMP,
  `updated_at` datetime NOT NULL DEFAULT CURRENT_TIMESTAMP ON UPDATE CURRENT_TIMESTAMP,
  PRIMARY KEY (`supplier_id`)
) ENGINE=InnoDB AUTO_INCREMENT=7 DEFAULT CHARSET=latin1;

-- Dumping data for table loan_db.tbl_suppliers: ~4 rows (approximately)
INSERT INTO `tbl_suppliers` (`supplier_id`, `supplier_name`, `created_at`, `updated_at`) VALUES
	(1, 'GLoan', '2024-01-24 22:46:36', '2024-01-24 22:46:36'),
	(2, 'GGives', '2024-01-24 22:46:45', '2024-01-24 22:46:45'),
	(3, 'BillEase', '2024-01-24 23:43:07', '2024-01-24 23:43:07'),
	(4, 'CIMB', '2024-01-25 00:15:47', '2024-01-25 00:15:47'),
	(5, 'SLoan (Mark)', '2024-01-25 08:52:13', '2024-01-25 08:52:13'),
	(6, 'BillEase (Mark)', '2024-01-25 08:52:26', '2024-01-25 08:52:26');

-- Dumping structure for table loan_db.tbl_users
CREATE TABLE IF NOT EXISTS `tbl_users` (
  `user_id` int(11) NOT NULL AUTO_INCREMENT,
  `account_id` int(11) NOT NULL DEFAULT '0',
  `account_name` varchar(50) NOT NULL DEFAULT '0',
  `username` varchar(50) NOT NULL DEFAULT '0',
  `password` varchar(32) NOT NULL DEFAULT '0',
  `user_category` varchar(1) NOT NULL DEFAULT '0',
  `user_img` varchar(15) NOT NULL DEFAULT 'user_img.png',
  `date_added` datetime NOT NULL DEFAULT CURRENT_TIMESTAMP,
  `date_modified` datetime NOT NULL DEFAULT CURRENT_TIMESTAMP ON UPDATE CURRENT_TIMESTAMP,
  PRIMARY KEY (`user_id`) USING BTREE
) ENGINE=InnoDB AUTO_INCREMENT=12 DEFAULT CHARSET=latin1;

-- Dumping data for table loan_db.tbl_users: ~1 rows (approximately)
INSERT INTO `tbl_users` (`user_id`, `account_id`, `account_name`, `username`, `password`, `user_category`, `user_img`, `date_added`, `date_modified`) VALUES
	(1, 0, 'Eduard Carton', 'admin', '0cc175b9c0f1b6a831c399e269772661', 'A', 'iaXlMxv4s.png', '2023-10-12 09:22:59', '2023-11-29 13:54:42');

/*!40103 SET TIME_ZONE=IFNULL(@OLD_TIME_ZONE, 'system') */;
/*!40101 SET SQL_MODE=IFNULL(@OLD_SQL_MODE, '') */;
/*!40014 SET FOREIGN_KEY_CHECKS=IFNULL(@OLD_FOREIGN_KEY_CHECKS, 1) */;
/*!40101 SET CHARACTER_SET_CLIENT=@OLD_CHARACTER_SET_CLIENT */;
/*!40111 SET SQL_NOTES=IFNULL(@OLD_SQL_NOTES, 1) */;
